i,j,Residue_i,Residue_j,Conditional_Activity,p_value,q_value
0,2,GLN 1,ASP 3,2.2159620983323873,0.01933204453036464,0.03866408906072928
